target,collocate,exp_local,obs_local,ratio_local,obs_global,p_value
林黛玉,宝玉,27.065620415678012,59,2.1798872183186204,3797,4.702665323819133e-08
林黛玉,说道,6.964211521231872,18,2.5846429197509573,977,0.0003083064172735295
林黛玉,宝钗,4.205613917632348,13,3.091106377001592,590,0.0003998345833852168
林黛玉,只见,5.645502072482746,13,2.302718134382499,792,0.00522018421175674
林黛玉,心里,2.9225452647953607,13,4.448177469343754,410,1.063123759004192e-05
林黛玉,听见,4.897045358327836,11,2.246252422655955,687,0.011488414201081154
林黛玉,丫头,3.678130138132698,10,2.7187727525804104,516,0.004439856200861958
林黛玉,不觉,1.104864673276295,9,8.145793976118338,155,2.05664042540743e-06
林黛玉,回头,0.8197383059791865,9,10.979113619985588,115,1.670772601380932e-07
林黛玉,这话,2.2596264608295837,8,3.540408177492724,317,0.0022001741897714755
林黛玉,一声,1.8960903425257707,8,4.219208241598471,266,0.0007279074638582017
林黛玉,冷笑,0.8910198978034637,8,8.978475138121546,125,3.6833573318073576e-06
林黛玉,说话,2.4592149179375595,7,2.846436864440708,345,0.012675880947019769
林黛玉,薛宝钗,0.20671661629040355,6,29.025242903410174,29,5.440568418002556e-08
林黛玉,便知,0.392048755033524,6,15.304218985434456,55,2.793699602543498e-06
林黛玉,只管,2.516240191396981,6,2.384510040223499,353,0.0423665246443623
林黛玉,史湘云,0.5773808937766445,6,10.391753632085123,81,2.6718635328770723e-05
林黛玉,原来,1.839065069066349,5,2.7187727525804104,258,0.03861027226104918
林黛玉,心中,1.6323484527759453,5,3.0630714854399383,229,0.02494423150509073
林黛玉,正自,0.1639476611958373,5,30.497537833293297,23,5.531929984092798e-07
林黛玉,不同,0.34927979993895775,4,11.45213665576728,49,0.00042201923534190833
林黛玉,却说,0.4276895509456626,4,9.352578268876611,60,0.0009129145948499895
林黛玉,房中,1.1618899467357167,4,3.4426668474392432,163,0.02996032175751362
林黛玉,却是,0.7983538284319034,4,5.010309786898185,112,0.008695346053169017
林黛玉,一行,0.34215164075653004,4,11.690722836095764,48,0.0003897620332163898
林黛玉,觉得,0.5417400978645059,4,7.383614422797324,76,0.0021955282473002935
林黛玉,记挂,0.24948557138496982,4,16.032991318074192,35,0.00011287998648790154
林黛玉,红了脸,0.36353611830381316,4,11.003033257501896,51,0.0004921734859666405
林黛玉,归省,0.057025273459421676,3,52.608252762430936,8,1.9706987118839336e-05
林黛玉,元宵,0.09979422855398792,3,30.06185872138911,14,0.0001240601392259455
林黛玉,因见,0.49897114276993965,3,6.0123717442778215,70,0.013885361865672352
林黛玉,登时,0.2281010938376867,3,13.152063190607734,32,0.0015363325343503709
林黛玉,近日,0.441945869310518,3,6.788161646765282,62,0.010003046144087091
林黛玉,缠绵,0.09979422855398792,3,30.06185872138911,14,0.0001240601392259455
林黛玉,一口,0.6771751223306324,3,4.430168653678395,95,0.030836158092078736
林黛玉,啼哭,0.13543502446612649,3,22.150843268391974,19,0.0003215812432021403
林黛玉,惟有,0.35640795912138545,3,8.41732044198895,50,0.005520902095716651
林黛玉,拭泪,0.12117870610127106,3,24.756824829379266,17,0.0002280852269105349
林黛玉,不理,0.5916372121414999,3,5.070674965053584,83,0.02178173850189158
林黛玉,院门,0.25661373056739756,3,11.690722836095762,36,0.0021652644399572374
林黛玉,吃饭,0.784097510067048,3,3.826054746358614,110,0.0445058566564982
林黛玉,二则,0.6985595998779155,3,4.2945512459127295,98,0.03336322179075324
林黛玉,正在,0.8126101467967588,3,3.6918072113986624,114,0.04858068609781119
林黛玉,素习,0.11405054691884335,3,26.304126381215468,16,0.00018883854198870065
林黛玉,站住,0.25661373056739756,3,11.690722836095762,36,0.0021652644399572374
林黛玉,赶来,0.27087004893225297,3,11.075421634195987,38,0.002531390314795545
林黛玉,眼睛,0.5060993019523674,3,5.927690452104894,71,0.014422509048456988
林黛玉,闷闷,0.19246029792554814,3,15.587630448127687,27,0.0009303292433697763
林黛玉,半天,0.4775866652226565,3,6.281582419394739,67,0.012343433907676338
林黛玉,由不得,0.19246029792554814,3,15.587630448127687,27,0.0009303292433697763
林黛玉,回身,0.3777924366686686,3,7.94086834149901,53,0.00649537893902985
林黛玉,一直,0.220972934655259,3,13.576323293530564,31,0.0013996924177339665
林黛玉,桃花,0.20671661629040355,3,14.512621451705087,29,0.0011499364492527642
林黛玉,怡红院,0.613021689688783,3,4.8937909546447385,86,0.023886501839834096
林黛玉,贾雨村,0.1568195020134096,2,12.753515821195379,22,0.010670518310684773
林黛玉,荣国府,0.25661373056739756,2,7.7938152240638425,36,0.027255388067505604
林黛玉,第三回,0.014256318364855419,2,140.28867403314916,2,5.0775813077738934e-05
林黛玉,夤缘,0.014256318364855419,2,140.28867403314916,2,5.0775813077738934e-05
林黛玉,复旧,0.042768955094566255,2,46.76289134438306,6,0.0007472946673315883
林黛玉,抛父,0.014256318364855419,2,140.28867403314916,2,5.0775813077738934e-05
林黛玉,进京,0.2993826856619638,2,6.680413049197579,42,0.036223698498177304
林黛玉,风流,0.3278953223916746,2,6.09950756665866,46,0.04274388163350529
林黛玉,王熙凤,0.12830686528369878,2,15.587630448127685,18,0.007201815161562042
林黛玉,贾元春,0.042768955094566255,2,46.76289134438306,6,0.0007472946673315883
林黛玉,第十八回,0.014256318364855419,2,140.28867403314916,2,5.0775813077738934e-05
林黛玉,误剪,0.014256318364855419,2,140.28867403314916,2,5.0775813077738934e-05
林黛玉,香袋,0.09979422855398792,2,20.04123914759274,14,0.0043650467526377135
林黛玉,第二十回,0.014256318364855419,2,140.28867403314916,2,5.0775813077738934e-05
林黛玉,正言弹,0.014256318364855419,2,140.28867403314916,2,5.0775813077738934e-05
林黛玉,妒意,0.014256318364855419,2,140.28867403314916,2,5.0775813077738934e-05
林黛玉,俏语,0.014256318364855419,2,140.28867403314916,2,5.0775813077738934e-05
林黛玉,娇音,0.014256318364855419,2,140.28867403314916,2,5.0775813077738934e-05
林黛玉,心事,0.2922545264795361,2,6.843349952836545,41,0.03465937172857869
林黛玉,扇子,0.3278953223916746,2,6.09950756665866,46,0.04274388163350529
林黛玉,情性,0.09266606937156022,2,21.582872928176798,13,0.0037591915900523354
林黛玉,一闻,0.08553791018913251,2,23.38144567219153,12,0.003195930128860547
林黛玉,顽耍,0.12117870610127106,2,16.504549886252843,17,0.006431862947647526
林黛玉,回房,0.3065108448443915,2,6.525054606192985,43,0.03781477137810185
林黛玉,此言,0.12830686528369878,2,15.587630448127685,18,0.007201815161562042
林黛玉,寻访,0.04989711427699396,2,40.08247829518548,7,0.0010412604640815948
林黛玉,面上,0.1568195020134096,2,12.753515821195379,22,0.010670518310684773
林黛玉,之态,0.11405054691884335,2,17.536084254143645,16,0.005702007614208693
林黛玉,之下,0.09979422855398792,2,20.04123914759274,14,0.0043650467526377135
林黛玉,阿弥陀佛,0.2922545264795361,2,6.843349952836545,41,0.03465937172857869
林黛玉,忙忙,0.34927979993895775,2,5.72606832788364,49,0.0478974378748781
林黛玉,两句,0.33502348157410233,2,5.969730809921241,47,0.0444373833399353
林黛玉,何曾,0.2922545264795361,2,6.843349952836545,41,0.03465937172857869
林黛玉,鹦哥,0.09266606937156022,2,21.582872928176798,13,0.0037591915900523354
林黛玉,口里,0.3278953223916746,2,6.09950756665866,46,0.04274388163350529
林黛玉,一眼,0.12830686528369878,2,15.587630448127685,18,0.007201815161562042
林黛玉,闻得,0.1639476611958373,2,12.19901513331732,23,0.01163196038942882
林黛玉,怜爱,0.03564079591213855,2,56.11546961325966,5,0.0005005690353325765
林黛玉,待要,0.1425631836485542,2,14.028867403314916,20,0.008859580418285384
林黛玉,丢下,0.17107582037826502,2,11.690722836095764,24,0.012629949135470997
林黛玉,房内,0.19246029792554814,2,10.391753632085125,27,0.015837531466570853
林黛玉,多谢,0.13543502446612649,2,14.767228845594648,19,0.00801125464441843
林黛玉,问宝玉,0.17107582037826502,2,11.690722836095764,24,0.012629949135470997
林黛玉,袖子,0.08553791018913251,2,23.38144567219153,12,0.003195930128860547
林黛玉,奚落,0.0712815918242771,2,28.05773480662983,10,0.00219976794477883
林黛玉,回至,0.26374188974982526,2,7.583171569359414,37,0.02867890240515303
林黛玉,贾母房,0.1639476611958373,2,12.19901513331732,23,0.01163196038942882
林黛玉,两声,0.17107582037826502,2,11.690722836095764,24,0.012629949135470997
林黛玉,利害,0.34927979993895775,2,5.72606832788364,49,0.0478974378748781
林黛玉,理论,0.19958845710797585,2,10.02061957379637,28,0.016976075568170157
林黛玉,不好意思,0.3065108448443915,2,6.525054606192985,43,0.03781477137810185
林黛玉,午间,0.057025273459421676,2,35.07216850828729,8,0.0013817772299294928
林黛玉,往里,0.1568195020134096,2,12.753515821195379,22,0.010670518310684773
林黛玉,拉著,0.35640795912138545,2,5.611546961325967,50,0.049663127261228124
林黛玉,盘算,0.10692238773641564,2,18.705156537753222,15,0.005012861987330752
林黛玉,开门,0.24948557138496982,2,8.016495659037096,35,0.02586149255224368
林黛玉,戏文,0.06415343264184939,2,31.17526089625537,9,0.001768169528198027
林黛玉,栏杆,0.08553791018913251,2,23.38144567219153,12,0.003195930128860547
林黛玉,没意思,0.24235741220254212,2,8.252274943126421,34,0.024497712202393385
林黛玉,低头,0.3278953223916746,2,6.09950756665866,46,0.04274388163350529
林黛玉,大姑娘,0.09979422855398792,2,20.04123914759274,14,0.0043650467526377135
林黛玉,帕子,0.12117870610127106,2,16.504549886252843,17,0.006431862947647526
林黛玉,李宫裁,0.12117870610127106,2,16.504549886252843,17,0.006431862947647526
林黛玉,正眼,0.028512636729710838,2,70.14433701657458,4,0.00030177105746789936
林黛玉,脸红,0.0784097510067048,2,25.507031642390757,11,0.0026759065298851414
林黛玉,似有,0.09979422855398792,2,20.04123914759274,14,0.0043650467526377135
林黛玉,撂下,0.057025273459421676,2,35.07216850828729,8,0.0013817772299294928
林黛玉,问著,0.12830686528369878,2,15.587630448127685,18,0.007201815161562042
林黛玉,张道士,0.17107582037826502,2,11.690722836095764,24,0.012629949135470997
林黛玉,造次,0.10692238773641564,2,18.705156537753222,15,0.005012861987330752
林黛玉,命薄,0.0712815918242771,2,28.05773480662983,10,0.00219976794477883
林黛玉,母弱弟,0.014256318364855419,2,140.28867403314916,2,5.0775813077738934e-05
林黛玉,第四回,0.021384477547283127,1,46.76289134438306,3,0.0212325124212851
林黛玉,偏逢,0.014256318364855419,1,70.14433701657458,2,0.014205542549333715
林黛玉,对额,0.014256318364855419,1,70.14433701657458,2,0.014205542549333715
林黛玉,玉生香,0.014256318364855419,1,70.14433701657458,2,0.014205542549333715
林黛玉,第二十一回,0.014256318364855419,1,70.14433701657458,2,0.014205542549333715
林黛玉,贤袭,0.014256318364855419,1,70.14433701657458,2,0.014205542549333715
林黛玉,娇嗔,0.021384477547283127,1,46.76289134438306,3,0.0212325124212851
林黛玉,软语,0.021384477547283127,1,46.76289134438306,3,0.0212325124212851
林黛玉,轻财,0.014256318364855419,1,70.14433701657458,2,0.014205542549333715
林黛玉,尚义,0.014256318364855419,1,70.14433701657458,2,0.014205542549333715
林黛玉,遗帕,0.014256318364855419,1,70.14433701657458,2,0.014205542549333715
林黛玉,杨妃,0.028512636729710838,1,35.07216850828729,4,0.028209425840517666
林黛玉,彩蝶,0.014256318364855419,1,70.14433701657458,2,0.014205542549333715
林黛玉,香冢飞,0.014256318364855419,1,70.14433701657458,2,0.014205542549333715
林黛玉,燕泣,0.014256318364855419,1,70.14433701657458,2,0.014205542549333715
林黛玉,残红,0.014256318364855419,1,70.14433701657458,2,0.014205542549333715
林黛玉,情赠,0.014256318364855419,1,70.14433701657458,2,0.014205542549333715
林黛玉,香罗,0.014256318364855419,1,70.14433701657458,2,0.014205542549333715
林黛玉,羞笼,0.014256318364855419,1,70.14433701657458,2,0.014205542549333715
林黛玉,借扇,0.014256318364855419,1,70.14433701657458,2,0.014205542549333715
林黛玉,机带,0.014256318364855419,1,70.14433701657458,2,0.014205542549333715
林黛玉,官划,0.014256318364855419,1,70.14433701657458,2,0.014205542549333715
林黛玉,蔷痴及,0.014256318364855419,1,70.14433701657458,2,0.014205542549333715
林黛玉,局外,0.014256318364855419,1,70.14433701657458,2,0.014205542549333715
林黛玉,巧结,0.014256318364855419,1,70.14433701657458,2,0.014205542549333715
林黛玉,大展,0.014256318364855419,1,70.14433701657458,2,0.014205542549333715
林黛玉,爱看,0.042768955094566255,1,23.38144567219153,6,0.0420145081585962
林黛玉,总未,0.028512636729710838,1,35.07216850828729,4,0.028209425840517666
林黛玉,谈笑,0.028512636729710838,1,35.07216850828729,4,0.028209425840517666
林黛玉,另具,0.021384477547283127,1,46.76289134438306,3,0.0212325124212851
林黛玉,抱负,0.021384477547283127,1,46.76289134438306,3,0.0212325124212851
林黛玉,万般,0.021384477547283127,1,46.76289134438306,3,0.0212325124212851
林黛玉,肩上,0.014256318364855419,1,70.14433701657458,2,0.014205542549333715
林黛玉,信步,0.042768955094566255,1,23.38144567219153,6,0.0420145081585962
林黛玉,不期,0.04989711427699396,1,20.04123914759274,7,0.04884338388871612
林黛玉,巧遇,0.021384477547283127,1,46.76289134438306,3,0.0212325124212851
林黛玉,别家,0.04989711427699396,1,20.04123914759274,7,0.04884338388871612
林黛玉,家住,0.04989711427699396,1,20.04123914759274,7,0.04884338388871612
林黛玉,二日,0.028512636729710838,1,35.07216850828729,4,0.028209425840517666
林黛玉,登舟,0.021384477547283127,1,46.76289134438306,3,0.0212325124212851
林黛玉,常听,0.014256318364855419,1,70.14433701657458,2,0.014205542549333715
林黛玉,垂花门,0.021384477547283127,1,46.76289134438306,3,0.0212325124212851
林黛玉,抄手,0.0071281591824277095,1,140.28867403314916,1,0.007128159174607503
林黛玉,鹦鹉,0.04989711427699396,1,20.04123914759274,7,0.04884338388871612
林黛玉,簇拥,0.028512636729710838,1,35.07216850828729,4,0.028209425840517666
林黛玉,笑声,0.04989711427699396,1,20.04123914759274,7,0.04884338388871612
林黛玉,穿花,0.028512636729710838,1,35.07216850828729,4,0.028209425840517666
林黛玉,便入,0.03564079591213855,1,28.05773480662983,5,0.03513664057239618
林黛玉,藕合,0.021384477547283127,1,46.76289134438306,3,0.0212325124212851
林黛玉,顿饭,0.042768955094566255,1,23.38144567219153,6,0.0420145081585962
林黛玉,不再,0.04989711427699396,1,20.04123914759274,7,0.04884338388871612
林黛玉,恰遇,0.03564079591213855,1,28.05773480662983,5,0.03513664057239618
林黛玉,自在,0.014256318364855419,1,70.14433701657458,2,0.014205542549333715
林黛玉,天性,0.04989711427699396,1,20.04123914759274,7,0.04884338388871612
林黛玉,要往,0.042768955094566255,1,23.38144567219153,6,0.0420145081585962
林黛玉,雪下,0.028512636729710838,1,35.07216850828729,4,0.028209425840517666
林黛玉,管弦,0.014256318364855419,1,70.14433701657458,2,0.014205542549333715
林黛玉,世外,0.014256318364855419,1,70.14433701657458,2,0.014205542549333715
林黛玉,侧耳,0.03564079591213855,1,28.05773480662983,5,0.03513664057239618
林黛玉,抬身,0.028512636729710838,1,35.07216850828729,4,0.028209425840517666
林黛玉,响处,0.028512636729710838,1,35.07216850828729,4,0.028209425840517666
林黛玉,移到,0.014256318364855419,1,70.14433701657458,2,0.014205542549333715
林黛玉,挨著,0.03564079591213855,1,28.05773480662983,5,0.03513664057239618
林黛玉,至后,0.014256318364855419,1,70.14433701657458,2,0.014205542549333715
林黛玉,尤氏来,0.014256318364855419,1,70.14433701657458,2,0.014205542549333715
林黛玉,不点,0.014256318364855419,1,70.14433701657458,2,0.014205542549333715
林黛玉,眉不画,0.014256318364855419,1,70.14433701657458,2,0.014205542549333715
林黛玉,银盆,0.021384477547283127,1,46.76289134438306,3,0.0212325124212851
林黛玉,摇摇,0.021384477547283127,1,46.76289134438306,3,0.0212325124212851
林黛玉,五脏,0.014256318364855419,1,70.14433701657458,2,0.014205542549333715
林黛玉,癖性,0.021384477547283127,1,46.76289134438306,3,0.0212325124212851
林黛玉,抓起,0.042768955094566255,1,23.38144567219153,6,0.0420145081585962
林黛玉,原为,0.04989711427699396,1,20.04123914759274,7,0.04884338388871612
林黛玉,大节,0.042768955094566255,1,23.38144567219153,6,0.0420145081585962
林黛玉,后退,0.028512636729710838,1,35.07216850828729,4,0.028209425840517666
林黛玉,叫门,0.042768955094566255,1,23.38144567219153,6,0.0420145081585962
林黛玉,身染,0.0071281591824277095,1,140.28867403314916,1,0.007128159174607503
林黛玉,重疾,0.0071281591824277095,1,140.28867403314916,1,0.007128159174607503
林黛玉,写书,0.021384477547283127,1,46.76289134438306,3,0.0212325124212851
林黛玉,作速择,0.0071281591824277095,1,140.28867403314916,1,0.007128159174607503
林黛玉,辞别,0.03564079591213855,1,28.05773480662983,5,0.03513664057239618
林黛玉,仆从,0.028512636729710838,1,35.07216850828729,4,0.028209425840517666
林黛玉,每到,0.028512636729710838,1,35.07216850828729,4,0.028209425840517666
林黛玉,言少叙,0.014256318364855419,1,70.14433701657458,2,0.014205542549333715
林黛玉,孤凄,0.014256318364855419,1,70.14433701657458,2,0.014205542549333715
林黛玉,从梦中,0.028512636729710838,1,35.07216850828729,4,0.028209425840517666
林黛玉,放不下,0.021384477547283127,1,46.76289134438306,3,0.0212325124212851
林黛玉,怠慢,0.042768955094566255,1,23.38144567219153,6,0.0420145081585962
林黛玉,独凤姐,0.014256318364855419,1,70.14433701657458,2,0.014205542549333715
林黛玉,茶叶,0.04989711427699396,1,20.04123914759274,7,0.04884338388871612
林黛玉,下帖子,0.021384477547283127,1,46.76289134438306,3,0.0212325124212851
林黛玉,瞥见,0.028512636729710838,1,35.07216850828729,4,0.028209425840517666
林黛玉,推开,0.04989711427699396,1,20.04123914759274,7,0.04884338388871612
林黛玉,抿嘴笑,0.021384477547283127,1,46.76289134438306,3,0.0212325124212851
林黛玉,珍重,0.028512636729710838,1,35.07216850828729,4,0.028209425840517666
林黛玉,贾琏自,0.028512636729710838,1,35.07216850828729,4,0.028209425840517666
林黛玉,尚无,0.042768955094566255,1,23.38144567219153,6,0.0420145081585962
林黛玉,长叹一声,0.04989711427699396,1,20.04123914759274,7,0.04884338388871612
林黛玉,竟比,0.04989711427699396,1,20.04123914759274,7,0.04884338388871612
林黛玉,无存,0.021384477547283127,1,46.76289134438306,3,0.0212325124212851
林黛玉,一言不发,0.03564079591213855,1,28.05773480662983,5,0.03513664057239618
林黛玉,忽一,0.021384477547283127,1,46.76289134438306,3,0.0212325124212851
林黛玉,名园,0.028512636729710838,1,35.07216850828729,4,0.028209425840517666
林黛玉,仙源,0.0071281591824277095,1,140.28867403314916,1,0.007128159174607503
林黛玉,仙境,0.028512636729710838,1,35.07216850828729,4,0.028209425840517666
林黛玉,奇才,0.014256318364855419,1,70.14433701657458,2,0.014205542549333715
林黛玉,未得展,0.0071281591824277095,1,140.28867403314916,1,0.007128159174607503
林黛玉,赞叹,0.028512636729710838,1,35.07216850828729,4,0.028209425840517666
林黛玉,火热,0.021384477547283127,1,46.76289134438306,3,0.0212325124212851
林黛玉,讽刺,0.021384477547283127,1,46.76289134438306,3,0.0212325124212851
林黛玉,方不欲,0.0071281591824277095,1,140.28867403314916,1,0.007128159174607503
林黛玉,叫嚷,0.014256318364855419,1,70.14433701657458,2,0.014205542549333715
林黛玉,米汤,0.021384477547283127,1,46.76289134438306,3,0.0212325124212851
林黛玉,伯叔,0.014256318364855419,1,70.14433701657458,2,0.014205542549333715
林黛玉,与你何干,0.021384477547283127,1,46.76289134438306,3,0.0212325124212851
林黛玉,偏说,0.014256318364855419,1,70.14433701657458,2,0.014205542549333715
林黛玉,抽抽噎噎,0.014256318364855419,1,70.14433701657458,2,0.014205542549333715
林黛玉,一语不发,0.028512636729710838,1,35.07216850828729,4,0.028209425840517666
林黛玉,绊跌,0.0071281591824277095,1,140.28867403314916,1,0.007128159174607503
林黛玉,叉手,0.014256318364855419,1,70.14433701657458,2,0.014205542549333715
林黛玉,门框,0.0071281591824277095,1,140.28867403314916,1,0.007128159174607503
林黛玉,搬著手,0.0071281591824277095,1,140.28867403314916,1,0.007128159174607503
林黛玉,过云儿,0.0071281591824277095,1,140.28867403314916,1,0.007128159174607503
林黛玉,不活,0.014256318364855419,1,70.14433701657458,2,0.014205542549333715
林黛玉,严严密密,0.0071281591824277095,1,140.28867403314916,1,0.007128159174607503
林黛玉,杏子,0.028512636729710838,1,35.07216850828729,4,0.028209425840517666
林黛玉,红绫,0.014256318364855419,1,70.14433701657458,2,0.014205542549333715
林黛玉,著定,0.0071281591824277095,1,140.28867403314916,1,0.007128159174607503
林黛玉,不带,0.03564079591213855,1,28.05773480662983,5,0.03513664057239618
林黛玉,素知,0.04989711427699396,1,20.04123914759274,7,0.04884338388871612
林黛玉,大清早,0.04989711427699396,1,20.04123914759274,7,0.04884338388871612
林黛玉,老虎,0.03564079591213855,1,28.05773480662983,5,0.03513664057239618
林黛玉,特叫,0.0071281591824277095,1,140.28867403314916,1,0.007128159174607503
林黛玉,戏来,0.028512636729710838,1,35.07216850828729,4,0.028209425840517666
林黛玉,山门,0.03564079591213855,1,28.05773480662983,5,0.03513664057239618
林黛玉,小性儿,0.042768955094566255,1,23.38144567219153,6,0.0420145081585962
林黛玉,回思,0.021384477547283127,1,46.76289134438306,3,0.0212325124212851
林黛玉,一言,0.03564079591213855,1,28.05773480662983,5,0.03513664057239618
林黛玉,试想,0.014256318364855419,1,70.14433701657458,2,0.014205542549333715
林黛玉,往下,0.04989711427699396,1,20.04123914759274,7,0.04884338388871612
林黛玉,感慨,0.021384477547283127,1,46.76289134438306,3,0.0212325124212851
林黛玉,贾迎春,0.021384477547283127,1,46.76289134438306,3,0.0212325124212851
林黛玉,锦楼,0.0071281591824277095,1,140.28867403314916,1,0.007128159174607503
林黛玉,不避,0.014256318364855419,1,70.14433701657458,2,0.014205542549333715
林黛玉,痴痴,0.04989711427699396,1,20.04123914759274,7,0.04884338388871612
林黛玉,左思右想,0.042768955094566255,1,23.38144567219153,6,0.0420145081585962
林黛玉,担著花,0.0071281591824277095,1,140.28867403314916,1,0.007128159174607503
林黛玉,锄上,0.0071281591824277095,1,140.28867403314916,1,0.007128159174607503
林黛玉,著花囊,0.0071281591824277095,1,140.28867403314916,1,0.007128159174607503
林黛玉,水里,0.021384477547283127,1,46.76289134438306,3,0.0212325124212851
林黛玉,具且,0.0071281591824277095,1,140.28867403314916,1,0.007128159174607503
林黛玉,接书来,0.0071281591824277095,1,140.28867403314916,1,0.007128159174607503
林黛玉,竖起,0.014256318364855419,1,70.14433701657458,2,0.014205542549333715
林黛玉,两道,0.0071281591824277095,1,140.28867403314916,1,0.007128159174607503
林黛玉,调儿,0.0071281591824277095,1,140.28867403314916,1,0.007128159174607503
林黛玉,过目成诵,0.0071281591824277095,1,140.28867403314916,1,0.007128159174607503
林黛玉,一目十行,0.0071281591824277095,1,140.28867403314916,1,0.007128159174607503
林黛玉,婉转,0.021384477547283127,1,46.76289134438306,3,0.0212325124212851
林黛玉,演习,0.04989711427699396,1,20.04123914759274,7,0.04884338388871612
林黛玉,侧耳细听,0.0071281591824277095,1,140.28867403314916,1,0.007128159174607503
林黛玉,心动,0.03564079591213855,1,28.05773480662983,5,0.03513664057239618
林黛玉,神摇,0.0071281591824277095,1,140.28867403314916,1,0.007128159174607503
林黛玉,萦逗,0.0071281591824277095,1,140.28867403314916,1,0.007128159174607503
林黛玉,固结,0.0071281591824277095,1,140.28867403314916,1,0.007128159174607503
林黛玉,一跳,0.03564079591213855,1,28.05773480662983,5,0.03513664057239618
林黛玉,不让,0.03564079591213855,1,28.05773480662983,5,0.03513664057239618
林黛玉,小红本,0.0071281591824277095,1,140.28867403314916,1,0.007128159174607503
林黛玉,字犯,0.0071281591824277095,1,140.28867403314916,1,0.007128159174607503
林黛玉,字隐,0.0071281591824277095,1,140.28867403314916,1,0.007128159174607503
林黛玉,咬著,0.014256318364855419,1,70.14433701657458,2,0.014205542549333715
林黛玉,天门,0.0071281591824277095,1,140.28867403314916,1,0.007128159174607503
林黛玉,赶著来,0.021384477547283127,1,46.76289134438306,3,0.0212325124212851
林黛玉,紫鹃雪雁,0.021384477547283127,1,46.76289134438306,3,0.0212325124212851
林黛玉,脾胃,0.0071281591824277095,1,140.28867403314916,1,0.007128159174607503
林黛玉,头去,0.042768955094566255,1,23.38144567219153,6,0.0420145081585962
林黛玉,诙谐,0.021384477547283127,1,46.76289134438306,3,0.0212325124212851
林黛玉,贫嘴贱舌,0.0071281591824277095,1,140.28867403314916,1,0.007128159174607503
林黛玉,讨人厌,0.014256318364855419,1,70.14433701657458,2,0.014205542549333715
林黛玉,挣著,0.0071281591824277095,1,140.28867403314916,1,0.007128159174607503
林黛玉,报知,0.014256318364855419,1,70.14433701657458,2,0.014205542549333715
林黛玉,三艳,0.0071281591824277095,1,140.28867403314916,1,0.007128159174607503
林黛玉,子笑,0.014256318364855419,1,70.14433701657458,2,0.014205542549333715
林黛玉,忘情,0.028512636729710838,1,35.07216850828729,4,0.028209425840517666
林黛玉,发动,0.04989711427699396,1,20.04123914759274,7,0.04884338388871612
林黛玉,逗起,0.0071281591824277095,1,140.28867403314916,1,0.007128159174607503
林黛玉,独立,0.021384477547283127,1,46.76289134438306,3,0.0212325124212851
林黛玉,绝代,0.0071281591824277095,1,140.28867403314916,1,0.007128159174607503
林黛玉,姿容,0.0071281591824277095,1,140.28867403314916,1,0.007128159174607503
林黛玉,具希世,0.0071281591824277095,1,140.28867403314916,1,0.007128159174607503
林黛玉,俊美,0.0071281591824277095,1,140.28867403314916,1,0.007128159174607503
林黛玉,开处,0.014256318364855419,1,70.14433701657458,2,0.014205542549333715
林黛玉,悲泣,0.014256318364855419,1,70.14433701657458,2,0.014205542549333715
林黛玉,无事闷,0.0071281591824277095,1,140.28867403314916,1,0.007128159174607503
林黛玉,愁眉,0.028512636729710838,1,35.07216850828729,4,0.028209425840517666
林黛玉,著床,0.014256318364855419,1,70.14433701657458,2,0.014205542549333715
林黛玉,嘲笑,0.04989711427699396,1,20.04123914759274,7,0.04884338388871612
林黛玉,喜怒无常,0.0071281591824277095,1,140.28867403314916,1,0.007128159174607503
林黛玉,猜忌,0.0071281591824277095,1,140.28867403314916,1,0.007128159174607503
林黛玉,失寐,0.0071281591824277095,1,140.28867403314916,1,0.007128159174607503
林黛玉,闻得众,0.0071281591824277095,1,140.28867403314916,1,0.007128159174607503
林黛玉,将头,0.021384477547283127,1,46.76289134438306,3,0.0212325124212851
林黛玉,一扭,0.021384477547283127,1,46.76289134438306,3,0.0212325124212851
林黛玉,气消,0.014256318364855419,1,70.14433701657458,2,0.014205542549333715
林黛玉,渡水,0.0071281591824277095,1,140.28867403314916,1,0.007128159174607503
林黛玉,过树,0.0071281591824277095,1,140.28867403314916,1,0.007128159174607503
林黛玉,错疑,0.0071281591824277095,1,140.28867403314916,1,0.007128159174607503
林黛玉,花颜月貌,0.0071281591824277095,1,140.28867403314916,1,0.007128159174607503
林黛玉,心碎,0.0071281591824277095,1,140.28867403314916,1,0.007128159174607503
林黛玉,悲声,0.014256318364855419,1,70.14433701657458,2,0.014205542549333715
林黛玉,痴病,0.028512636729710838,1,35.07216850828729,4,0.028209425840517666
林黛玉,赶上去,0.021384477547283127,1,46.76289134438306,3,0.0212325124212851
林黛玉,起死,0.0071281591824277095,1,140.28867403314916,1,0.007128159174607503
林黛玉,手指头,0.014256318364855419,1,70.14433701657458,2,0.014205542549333715
林黛玉,不替,0.021384477547283127,1,46.76289134438306,3,0.0212325124212851
林黛玉,圆谎,0.014256318364855419,1,70.14433701657458,2,0.014205542549333715
林黛玉,裁剪,0.021384477547283127,1,46.76289134438306,3,0.0212325124212851
林黛玉,过会子,0.014256318364855419,1,70.14433701657458,2,0.014205542549333715
林黛玉,我裁,0.0071281591824277095,1,140.28867403314916,1,0.007128159174607503
林黛玉,簇新,0.014256318364855419,1,70.14433701657458,2,0.014205542549333715
林黛玉,刚洗,0.0071281591824277095,1,140.28867403314916,1,0.007128159174607503
林黛玉,所恼,0.0071281591824277095,1,140.28867403314916,1,0.007128159174607503
林黛玉,心心念念,0.0071281591824277095,1,140.28867403314916,1,0.007128159174607503
林黛玉,串子,0.021384477547283127,1,46.76289134438306,3,0.0212325124212851
林黛玉,眼似,0.014256318364855419,1,70.14433701657458,2,0.014205542549333715
林黛玉,水杏,0.0071281591824277095,1,140.28867403314916,1,0.007128159174607503
林黛玉,摇著,0.03564079591213855,1,28.05773480662983,5,0.03513664057239618
林黛玉,我失,0.014256318364855419,1,70.14433701657458,2,0.014205542549333715
林黛玉,春纤,0.014256318364855419,1,70.14433701657458,2,0.014205542549333715
林黛玉,人带,0.03564079591213855,1,28.05773480662983,5,0.03513664057239618
林黛玉,二事,0.0071281591824277095,1,140.28867403314916,1,0.007128159174607503
林黛玉,提亲,0.028512636729710838,1,35.07216850828729,4,0.028209425840517666
林黛玉,肝火,0.03564079591213855,1,28.05773480662983,5,0.03513664057239618
林黛玉,闺英闱秀,0.0071281591824277095,1,140.28867403314916,1,0.007128159174607503
林黛玉,稍及,0.0071281591824277095,1,140.28867403314916,1,0.007128159174607503
林黛玉,早存,0.0071281591824277095,1,140.28867403314916,1,0.007128159174607503
林黛玉,试探,0.03564079591213855,1,28.05773480662983,5,0.03513664057239618
林黛玉,每用,0.0071281591824277095,1,140.28867403314916,1,0.007128159174607503
林黛玉,假情,0.0071281591824277095,1,140.28867403314916,1,0.007128159174607503
林黛玉,自好,0.0071281591824277095,1,140.28867403314916,1,0.007128159174607503
林黛玉,哑吧,0.0071281591824277095,1,140.28867403314916,1,0.007128159174607503
林黛玉,头胀,0.0071281591824277095,1,140.28867403314916,1,0.007128159174607503
林黛玉,闷在心里,0.0071281591824277095,1,140.28867403314916,1,0.007128159174607503
林黛玉,恐薄,0.014256318364855419,1,70.14433701657458,2,0.014205542549333715
林黛玉,鸦雀无声,0.014256318364855419,1,70.14433701657458,2,0.014205542549333715
林黛玉,夺过去,0.0071281591824277095,1,140.28867403314916,1,0.007128159174607503
林黛玉,效力,0.04989711427699396,1,20.04123914759274,7,0.04884338388871612
林黛玉,大吐,0.0071281591824277095,1,140.28867403314916,1,0.007128159174607503
林黛玉,这祸,0.0071281591824277095,1,140.28867403314916,1,0.007128159174607503
林黛玉,溽之气,0.0071281591824277095,1,140.28867403314916,1,0.007128159174607503
林黛玉,角口,0.021384477547283127,1,46.76289134438306,3,0.0212325124212851
林黛玉,听院,0.014256318364855419,1,70.14433701657458,2,0.014205542549333715
林黛玉,止不住,0.03564079591213855,1,28.05773480662983,5,0.03513664057239618
林黛玉,脸放,0.0071281591824277095,1,140.28867403314916,1,0.007128159174607503
林黛玉,直瞪瞪,0.014256318364855419,1,70.14433701657458,2,0.014205542549333715
林黛玉,接住,0.0071281591824277095,1,140.28867403314916,1,0.007128159174607503
林黛玉,挨近,0.014256318364855419,1,70.14433701657458,2,0.014205542549333715
林黛玉,羞红,0.014256318364855419,1,70.14433701657458,2,0.014205542549333715
林黛玉,时宝钗,0.042768955094566255,1,23.38144567219153,6,0.0420145081585962
林黛玉,试著,0.014256318364855419,1,70.14433701657458,2,0.014205542549333715
林黛玉,忍著气,0.0071281591824277095,1,140.28867403314916,1,0.007128159174607503
林黛玉,一伸,0.028512636729710838,1,35.07216850828729,4,0.028209425840517666
林黛玉,秋水,0.042768955094566255,1,23.38144567219153,6,0.0420145081585962
林黛玉,面薄,0.0071281591824277095,1,140.28867403314916,1,0.007128159174607503
林黛玉,腰纤,0.0071281591824277095,1,140.28867403314916,1,0.007128159174607503
林黛玉,袅袅婷婷,0.0071281591824277095,1,140.28867403314916,1,0.007128159174607503
林黛玉,喜散,0.0071281591824277095,1,140.28867403314916,1,0.007128159174607503
林黛玉,喜聚,0.0071281591824277095,1,140.28867403314916,1,0.007128159174607503
林黛玉,无兴散,0.0071281591824277095,1,140.28867403314916,1,0.007128159174607503
林黛玉,闷闷不乐,0.0071281591824277095,1,140.28867403314916,1,0.007128159174607503
林黛玉,哭死了,0.014256318364855419,1,70.14433701657458,2,0.014205542549333715
林黛玉,提名道姓,0.014256318364855419,1,70.14433701657458,2,0.014205542549333715
林黛玉,金麒麟,0.04989711427699396,1,20.04123914759274,7,0.04884338388871612
林黛玉,几步,0.04989711427699396,1,20.04123914759274,7,0.04884338388871612
林黛玉,轰雷掣电,0.0071281591824277095,1,140.28867403314916,1,0.007128159174607503
林黛玉,思之,0.0071281591824277095,1,140.28867403314916,1,0.007128159174607503
林黛玉,袭人怕,0.0071281591824277095,1,140.28867403314916,1,0.007128159174607503
林黛玉,难免,0.03564079591213855,1,28.05773480662983,5,0.03513664057239618
林黛玉,形象,0.03564079591213855,1,28.05773480662983,5,0.03513664057239618
林黛玉,嚎啕大哭,0.042768955094566255,1,23.38144567219153,6,0.0420145081585962
林黛玉,无声,0.042768955094566255,1,23.38144567219153,6,0.0420145081585962
林黛玉,之泣,0.0071281591824277095,1,140.28867403314916,1,0.007128159174607503
林黛玉,气噎喉,0.0071281591824277095,1,140.28867403314916,1,0.007128159174607503
林黛玉,闷住,0.014256318364855419,1,70.14433701657458,2,0.014205542549333715
林黛玉,出手,0.042768955094566255,1,23.38144567219153,6,0.0420145081585962
林黛玉,作死,0.021384477547283127,1,46.76289134438306,3,0.0212325124212851
林黛玉,自立,0.021384477547283127,1,46.76289134438306,3,0.0212325124212851
林黛玉,于花,0.0071281591824277095,1,140.28867403314916,1,0.007128159174607503
林黛玉,连孀,0.0071281591824277095,1,140.28867403314916,1,0.007128159174607503
林黛玉,不防廊,0.0071281591824277095,1,140.28867403314916,1,0.007128159174607503
林黛玉,竟大似,0.0071281591824277095,1,140.28867403314916,1,0.007128159174607503
林黛玉,音韵,0.03564079591213855,1,28.05773480662983,5,0.03513664057239618
林黛玉,勾著,0.0071281591824277095,1,140.28867403314916,1,0.007128159174607503
林黛玉,反赞起,0.0071281591824277095,1,140.28867403314916,1,0.007128159174607503
林黛玉,意出望外,0.0071281591824277095,1,140.28867403314916,1,0.007128159174607503
林黛玉,不消说,0.014256318364855419,1,70.14433701657458,2,0.014205542549333715
林黛玉,平素,0.028512636729710838,1,35.07216850828729,4,0.028209425840517666
林黛玉,五顿,0.0071281591824277095,1,140.28867403314916,1,0.007128159174607503
林黛玉,闻得宝玉,0.021384477547283127,1,46.76289134438306,3,0.0212325124212851
林黛玉,立身扬名,0.014256318364855419,1,70.14433701657458,2,0.014205542549333715
林黛玉,深敬黛玉,0.0071281591824277095,1,140.28867403314916,1,0.007128159174607503
林黛玉,做针线,0.028512636729710838,1,35.07216850828729,4,0.028209425840517666
林黛玉,帚子,0.014256318364855419,1,70.14433701657458,2,0.014205542549333715
林黛玉,放著蝇,0.0071281591824277095,1,140.28867403314916,1,0.007128159174607503
林黛玉,景儿,0.04989711427699396,1,20.04123914759274,7,0.04884338388871612
林黛玉,一藏,0.0071281591824277095,1,140.28867403314916,1,0.007128159174607503
林黛玉,手握,0.014256318364855419,1,70.14433701657458,2,0.014205542549333715
林黛玉,忙拉过,0.0071281591824277095,1,140.28867403314916,1,0.007128159174607503
林黛玉,裁夺,0.028512636729710838,1,35.07216850828729,4,0.028209425840517666
林黛玉,魔来,0.0071281591824277095,1,140.28867403314916,1,0.007128159174607503
林黛玉,头方,0.0071281591824277095,1,140.28867403314916,1,0.007128159174607503
林黛玉,叫好,0.021384477547283127,1,46.76289134438306,3,0.0212325124212851
林黛玉,吃螃蟹,0.042768955094566255,1,23.38144567219153,6,0.0420145081585962
林黛玉,太多,0.042768955094566255,1,23.38144567219153,6,0.0420145081585962
林黛玉,因不大,0.0071281591824277095,1,140.28867403314916,1,0.007128159174607503
林黛玉,盖碗茶,0.014256318364855419,1,70.14433701657458,2,0.014205542549333715
林黛玉,窗下常,0.0071281591824277095,1,140.28867403314916,1,0.007128159174607503
林黛玉,伏著,0.021384477547283127,1,46.76289134438306,3,0.0212325124212851
林黛玉,早滚,0.0071281591824277095,1,140.28867403314916,1,0.007128159174607503
林黛玉,李义山,0.021384477547283127,1,46.76289134438306,3,0.0212325124212851
林黛玉,只喜,0.0071281591824277095,1,140.28867403314916,1,0.007128159174607503
林黛玉,留得,0.014256318364855419,1,70.14433701657458,2,0.014205542549333715
林黛玉,王十朋,0.0071281591824277095,1,140.28867403314916,1,0.007128159174607503
林黛玉,尴尬事,0.0071281591824277095,1,140.28867403314916,1,0.007128159174607503
林黛玉,女誓,0.0071281591824277095,1,140.28867403314916,1,0.007128159174607503
林黛玉,常人,0.014256318364855419,1,70.14433701657458,2,0.014205542549333715
林黛玉,直似,0.0071281591824277095,1,140.28867403314916,1,0.007128159174607503
林黛玉,出类拔萃,0.0071281591824277095,1,140.28867403314916,1,0.007128159174607503
林黛玉,亲敬,0.0071281591824277095,1,140.28867403314916,1,0.007128159174607503
林黛玉,匝地,0.021384477547283127,1,46.76289134438306,3,0.0212325124212851
林黛玉,千叮咛万嘱咐,0.014256318364855419,1,70.14433701657458,2,0.014205542549333715
林黛玉,添些,0.03564079591213855,1,28.05773480662983,5,0.03513664057239618
林黛玉,禀气,0.0071281591824277095,1,140.28867403314916,1,0.007128159174607503
林黛玉,柔弱,0.0071281591824277095,1,140.28867403314916,1,0.007128159174607503
林黛玉,毕驳,0.0071281591824277095,1,140.28867403314916,1,0.007128159174607503
林黛玉,狭小,0.0071281591824277095,1,140.28867403314916,1,0.007128159174607503
林黛玉,况贾母,0.014256318364855419,1,70.14433701657458,2,0.014205542549333715
林黛玉,挪至,0.021384477547283127,1,46.76289134438306,3,0.0212325124212851
林黛玉,从沁芳桥,0.0071281591824277095,1,140.28867403314916,1,0.007128159174607503
林黛玉,堤上,0.0071281591824277095,1,140.28867403314916,1,0.007128159174607503
林黛玉,三月初,0.014256318364855419,1,70.14433701657458,2,0.014205542549333715
林黛玉,表妹,0.014256318364855419,1,70.14433701657458,2,0.014205542549333715
林黛玉,反自,0.014256318364855419,1,70.14433701657458,2,0.014205542549333715
林黛玉,触物伤情,0.014256318364855419,1,70.14433701657458,2,0.014205542549333715
林黛玉,第七十回,0.0071281591824277095,1,140.28867403314916,1,0.007128159174607503
林黛玉,重建,0.0071281591824277095,1,140.28867403314916,1,0.007128159174607503
林黛玉,史湘云偶,0.0071281591824277095,1,140.28867403314916,1,0.007128159174607503
林黛玉,柳絮,0.028512636729710838,1,35.07216850828729,4,0.028209425840517666
林黛玉,社主,0.0071281591824277095,1,140.28867403314916,1,0.007128159174607503
林黛玉,放翁,0.0071281591824277095,1,140.28867403314916,1,0.007128159174607503
林黛玉,中用者,0.0071281591824277095,1,140.28867403314916,1,0.007128159174607503
林黛玉,撒天,0.0071281591824277095,1,140.28867403314916,1,0.007128159174607503
林黛玉,箕斗,0.0071281591824277095,1,140.28867403314916,1,0.007128159174607503
林黛玉,寒塘,0.014256318364855419,1,70.14433701657458,2,0.014205542549333715
林黛玉,渡鹤影,0.0071281591824277095,1,140.28867403314916,1,0.007128159174607503
林黛玉,这鹤,0.0071281591824277095,1,140.28867403314916,1,0.007128159174607503
林黛玉,祭文,0.028512636729710838,1,35.07216850828729,4,0.028209425840517666
林黛玉,领著众,0.0071281591824277095,1,140.28867403314916,1,0.007128159174607503
林黛玉,第九十七回,0.0071281591824277095,1,140.28867403314916,1,0.007128159174607503
林黛玉,焚稿,0.0071281591824277095,1,140.28867403314916,1,0.007128159174607503
林黛玉,出闺成,0.0071281591824277095,1,140.28867403314916,1,0.007128159174607503
林黛玉,无魂,0.0071281591824277095,1,140.28867403314916,1,0.007128159174607503
林黛玉,无魄,0.0071281591824277095,1,140.28867403314916,1,0.007128159174607503
